id,text,target
028e52b32c,"New earthquake reported: M 4.9 - 79 km NNE of Popondetta, Papua New Guinea - 2025-10-06T17:36:45.040Z",1
2fff02eced,"New earthquake reported: M 4.3 - 56 km SE of Maneadero, B.C., MX - 2025-10-06T17:34:45.865Z",1
80109009d2,"Earthquake Location: OFF EAST COAST OF KAMCHATKA Magnitude: 5.100000

Interest | Match | Feed",1
f7a8e7d8d5,"Earthquake Location: OFF EAST COAST OF KAMCHATKA Magnitude: 5.100000

Interest | Match | Feed",1
763fca34c1,"Reviewed M 1.1 earthquake in Grady County, Oklahoma at 07:22:48 10/04 Oklahoma local time (UTC: 12:22:48 10/04)",1
2490bfc09d,"#Earthquake M5.1 | Russia: Off East Coast of Kamchatka | 12m ago | Oct 6, 2025 05:22 pm (Universal Time)
#Aftershock of M8.8 quake 10 weeks earlier
Did you feel it? Submit a report!
#strong #quake #M2+ #M3+ #M4+ #M5+ #Russia",1
237bb90a61,"Earthquake Report

Earthquake M5.1 has been observed 108.67 km SE of Petropavlovsk-Kamchatsky, Kamtsjatka, Russia on 2025-10-06 17:22:48. The depth is 40 km, the epicenter was in the underwater.

 #crisisinfo, #earthquake, #emsc

 https://map.crisisinfo.eu/?pageid=earthquake_index&id=1473299",1
06154f4926,"Reviewed M 1.8 earthquake in Alfalfa County, Oklahoma at 16:26:38 10/04 Oklahoma local time (UTC: 21:26:38 10/04)",1
eeb64ad17c,"üåç Earthquake Alert üåç
üìç Location: OFF EAST COAST OF KAMCHATKA
üìè Magnitude (mb): 5.1
üîΩ Depth: 10.00 km
‚è∞ Time: 2025-10-06 17:22:43 UTC
üîó Source: EMSC
Stay safe!",1
05198e8418,"Magnitude : 5.3
Region: *Off East Coast of Kamchatka*
Time: 2025-10-06 17:22:43 UTC
Epicenter : 160.17¬∞E 52.43¬∞N
Depth: 10 km
*First posted at: 17:34 UTC*

https://geofon.gfz-potsdam.de/eqexplorer/events/gfz2025tpgg/general

#GEOFON #GFZ #earthquake #magnitude",1
fca0a68f67,To view the Earthquake Dashboard visit cadoc.maps.arcgis.com/apps/dashboa...,1
6e245d3b29,"Earthquake Location: EASTERN NEW GUINEA REG., P.N.G. Magnitude: 5.100000

Interest | Match | Feed",1
31e9e2c4b8,"California Weekly Earthquake Report

Between September 29 (12:00 AM PST) and October 5 (11:59 PM) there were 40 earthquakes in California of magnitude 2.0 or larger.

üî∏34 quakes between magnitude 2.0 - 2.9

üî∏6 quakes between magnitude 3.0 -3.9

The largest was a magnitude 3.5 near Big Bear, CA.",1
83d1a5a3ce,"New earthquake reported: M 4.3 - 56 km SE of Maneadero, B.C., MX - 2025-10-06T17:29:30.621Z",1
d051f1376d,"Earthquake Location: EASTERN NEW GUINEA REG., P.N.G. Magnitude: 5.100000

Interest | Match | Feed",1
8f1e16a742,"Earthquake Report

Earthquake M5.1 has been observed 87.96 km NNE of Popondetta, Northern Province, Papua New Guinea on 2025-10-06 17:11:08. The depth is 35 km, the epicenter was in the underwater.

 #crisisinfo, #earthquake, #emsc

 https://map.crisisinfo.eu/?pageid=earthquake_index&id=1473294",1
5020331385,"üåç Earthquake!
üìÖ Date: 06.10.2025 16:50:51 (UTC)
üìç Loc: 85 km N of Cruz Bay, U.S. Virgin Islands
üåü Mag: 3.59, üìê Depth: 8.0 km
üó∫Ô∏è Map: https://www.google.com/maps?q=19.1,-64.7&z=9
üìã Details: https://earthquake.usgs.gov/earthquakes/eventpage/pr2025279001&lng=en
üì° Source: USGS üì°",1
a80cad3dc9,"New earthquake reported: M 4.3 - 56 km SE of Maneadero, B.C., MX - 2025-10-06T17:24:23.306Z",1
162d227e11,My wife took the earthquake putty out of the junk drawer for something AND IT WAS NEVER SEEN AGAIN.,1
1f3d6dcdad,"Reviewed M 1.1 earthquake in Okfuskee County, Oklahoma at 23:21:29 10/03 Oklahoma local time (UTC: 04:21:29 10/04)",1
0f92044dfe,I've experienced people at work asking me about the corruption scandals and Cebu earthquake for weeks lol,1
2fcb1b889e,"Earthquake Magnitude: 5 Location: EASTERN NEW GUINEA REG., P.N.G.

Interest | Match | Feed",1
da81375c2a,"Earthquake Magnitude: 5 Location: EASTERN NEW GUINEA REG., P.N.G.

Interest | Match | Feed",1
a65da6af63,"#Earthquake M5.0 | Papua New Guinea: Eastern New Guinea Reg., P.N.G. | 9m ago | Oct 6, 2025 05:11 pm (Universal Time)
Did you feel it? Submit a report!
#strong #quake #M2+ #M3+ #M4+ #M5+ #Papua_New_Guinea",1
bf6c6a9076,"Magnitude : 5.2
Region: *Papua New Guinea *
Time: 2025-10-06 17:11:05 UTC
Epicenter : 148.39¬∞E 7.95¬∞S
Depth: 10 km
*First posted at: 17:20 UTC*

https://geofon.gfz-potsdam.de/eqexplorer/events/gfz2025tpfw/general

#GEOFON #GFZ #earthquake #magnitude",1
22cbd6d400,"‚ö†Ô∏è Nuevo #Sismo Registrado ‚ö†Ô∏è
Fecha: 06-10-2025
Hora: 14:07:36
Ubicaci√≥n: 26 km al SE de Mina Collahuasi
Profundidad: 126 km
Magnitud: 3.7
Latitud: -21.02
Longitud: -68.50
Ver Mapa
#Terremoto #Sismolog√≠a #Chile #EarthQuake #Alerta",1
4248d38518,"New earthquake reported: M 4.3 - 56 km SE of Maneadero, B.C., MX - 2025-10-06T17:18:25.776Z",1
a57b3e1057,"üåç Earthquake Alert üåç
üìç Location: ANTOFAGASTA, CHILE
üìè Magnitude (ml): 3.7
üîΩ Depth: 126.30 km
‚è∞ Time: 2025-10-06 17:07:36 UTC
üîó Source: EMSC
Stay safe!",1
8914e48ab5,"Jim Gavin‚Äôs shock, abrupt, and unprecedented withdrawal from the presidential race has sent an earthquake through Fianna F√°il and will reshape the campaign.

The latest episode of The Candidate examines what just happened, and what comes next. Listen now pod.link/1439226641",1
aa0f9cc7d9,"6 minutes 30 seconds ago -  Papua New Guinea Region  mB 5.3  8.03S 148.56E  56km 2025/10/06  17:11:09 - For updates, see http://www.seisme.nc/index.php?option=com_alertes&view=alertes&Itemid=184&ids=ird2025trqbew&lang=en #s√©isme #earthquake #sismo #ÏßÄÏßÑ #Âú∞Èúá",1
066b06f055,"üåç Earthquake Alert üåç
üìç Location: Papua New Guinea Region
üìè Magnitude (M): 5.3
üîΩ Depth: 55.05 km
‚è∞ Time: 2025-10-06 17:11:10 UTC
üîó Source: BMKG
Stay safe!",1
7ed206994f,"Reviewed M 1.4 earthquake in Canadian County, Oklahoma at 22:30:05 10/03 Oklahoma local time (UTC: 03:30:05 10/04)",1
56a42d47e7,"üåç Earthquake Alert üåç
üìç Location: LEYTE, PHILIPPINES
üìè Magnitude (m): 3.0
üîΩ Depth: 11.00 km
‚è∞ Time: 2025-10-06 16:51:33 UTC
üîó Source: EMSC
Stay safe!",1
1688078bef,"Reviewed M 1.5 earthquake in Canadian County, Oklahoma at 16:59:24 10/03 Oklahoma local time (UTC: 21:59:24 10/03)",1
50e2782e6e,"New earthquake reported: M 4.3 - 56 km SE of Maneadero, B.C., MX - 2025-10-06T17:09:39.405Z",1
e919ef7f63,"Mike Okuda did say that they changed the meaning of warp factor numbers for TNG.

Now that I think of it, its like how Earthquake magnitudes are alot weaker now. A 5 is meh now, but 25 yrs ago, a 5 threw me and everything I owned across the room!",1
4ccb5906e7,"üåç Earthquake Alert üåç
üìç Location: SOUTH ISLAND OF NEW ZEALAND
üìè Magnitude (m): 3.3
üîΩ Depth: 89.60 km
‚è∞ Time: 2025-10-06 17:04:31 UTC
üîó Source: EMSC
Stay safe!",1
be9e599903,Ooooohhhh you wanna draw her oiled up with all THAT shaking like a gelatin house during an earthquake ooooohhhhhh,1
02c26aabe1,"Reviewed M 1.2 earthquake in Murray County, Oklahoma at 15:29:33 10/03 Oklahoma local time (UTC: 20:29:33 10/03)",1
9630e104c1,"Reviewed M 0.3 earthquake in Grady County, Oklahoma at 21:56:07 10/04 Oklahoma local time (UTC: 02:56:07 10/05)",1
adf7d047a8,"Felt #earthquake: 4.6 #quake 78 km southeast of Ensenada, Estado de Baja California, Mexico, 13 minutes ago - 12 reports so far.
Did you feel it? Send a report!",1
3dd305472a,"New earthquake reported: M 4.3 - 56 km SE of Maneadero, B.C., MX - 2025-10-06T17:03:32.472Z",1
a4ee4a67cb,"New earthquake reported: M 4.3 - 56 km SE of Maneadero, B.C., MX - 2025-10-06T17:02:27.907Z",1
0542048453,"It may be expedient to take stock of all the affecting pieces that might shatter in the wake of an emotional earthquake, once red flags come up in a committed relationship and an overarching scene has to be fashioned for a recast life experience. (""Waiting for the pieces to fall into place"")",1
835355d8e5,"New earthquake reported: M 4.3 - 56 km SE of Maneadero, B.C., MX - 2025-10-06T17:00:53.118Z",1
96620b6e9c,"üåç Earthquake Alert üåç
üìç Location: COSTA RICA
üìè Magnitude (m): 2.6
üîΩ Depth: 11.00 km
‚è∞ Time: 2025-10-06 16:56:32 UTC
üîó Source: EMSC
Stay safe!",1
4c5530c44c,"Preliminary magnitude 4.6 (Ml) earthquake / Lat: 31.325, Lon: -116.076 at 2025-10-06T16:53:27 UTC
Location:105 miles SW of El Centro, California
Severity:Minor
Urgency:Unknown
Certainty:Unlikely
Additional Details Here.",1
e1e0608618,"#Earthquake - #ÿ≤ŸÑÿ≤ŸÑŸá Mag: 4.3 Depth : 14.1 Km  Place :  56 km SE of Maneadero  B.C., MX Date/Time : 06/10/2025 16:53:28 Updated : 06/10/2025 16:58:25 Status : reviewed Code : 41103871 Link to interactive map :  
https://earthquake.usgs.gov/earthquakes/eventpage/ci41103871",1
de0c841d41,"üåç Earthquake!
üìÖ Date: 06.10.2025 16:53:28 (UTC)
üìç Loc: 56 km SE of Maneadero, B.C., MX
üåü Mag: 4.33, üìê Depth: 14.14 km
üó∫Ô∏è Map: https://www.google.com/maps?q=31.3,-116.22&z=9
üìã Details: https://earthquake.usgs.gov/earthquakes/eventpage/ci41103871&lng=en
üì° Source: USGS üì°",1
4d6341b6be,"Earthquake Report

Earthquake M4.3 has been observed 0.25 km E of El Desengano, Baja California, Mexico on 2025-10-06 16:53:28. The depth is 14.1 km, the epicenter was in the underground.

 #crisisinfo, #earthquake, #emsc

 https://map.crisisinfo.eu/?pageid=earthquake_index&id=1473273",1
32087dd8bb,"Earthquake Report

Earthquake M4.3 has been observed 0.25 km E of El Desengano, Baja California, Mexico on 2025-10-06 16:53:28. The depth is 14.14 km, the epicenter was in the underground.

 #crisisinfo, #earthquake, #usgs

 https://map.crisisinfo.eu/?pageid=earthquake_index&id=1473271",1
6624001dea,"Insurance asked to speed up earthquake¬†claims

The Insurance Commission (IC) has ordered the processing of claims from victims of 6.9-changes in sebal and typhoon opong to insurers, mutual benefits associations, health maintenance organizations, and pre-essential companies. The Finance Department‚Ä¶",1
c9bbfd6ece,"New earthquake reported: M 4.3 - 56 km SE of Maneadero, B.C., MX - 2025-10-06T16:58:25.147Z",1
e0c61ac9d3,I could use a magnitude 8 Earthquake right now.,1
0b8df1cfda,"Reviewed M 1.2 earthquake in Murray County, Oklahoma at 13:28:22 10/03 Oklahoma local time (UTC: 18:28:22 10/03)",1
41ae2713d6,"A 4.6 magnitude earthquake occurred 16 km E of San Vicente, Mexico!
üó∫Ô∏è Coordinates: 31.325000, -116.076000
",1
1d1849be42,"#Earthquake M4.6 | 16 km E of San Vicente, Mexico | 4m ago | Oct 6, 2025 04:53 pm (Universal Time)
Did you feel it? Submit a report!
#moderate #quake #M2+ #M3+ #M4+ #Mexico #Estado_de_Baja_California
Quake feed for Mexico: @mexico.earthquakes.live",1
33913c23fb,"EVALUATION
---
* There is NO tsunami danger from this earthquake.

PRELIMINARY EARTHQUAKE PARAMETERS
---

* The following parameters are based on a rapid preliminary
  assessment of the earthquake and changes may occur.

* Magnitude  4.6
* Origin Time  0853 AKDT Oct 06 2025
  0953  PDT Oct 06 2025
",1
22d56d4168,"Tsunami Info Stmt- 105 miles SW of El Centro, California area
M4.6 earthquake 105 miles SW of El Centro, California 09:53PDT Oct 6 Depth 1km: Tsunami NOT expected",1
9e8a49946f,"New earthquake reported: M 4.6 - 16 km E of San Vicente, Mexico - 2025-10-06T16:56:21.047Z",1
725222688e,"New earthquake reported: M 4.1 - 26 km ESE of Benito Garc√≠a (El Zorrillo), Mexico - 2025-10-06T16:53:59.000Z",1
94878d729e,"2 minutes 35 seconds ago -  Baja California, Mexico  MLv 4.5  31.33N 116.28W  0km 2025/10/06  16:53:28 - For updates, see http://www.seisme.nc/index.php?option=com_alertes&view=alertes&Itemid=184&ids=ird2025trpmbo&lang=en #s√©isme #earthquake #sismo #ÏßÄÏßÑ #Âú∞Èúá",1
6b68c3c978,"M4.1 #earthquake detected 26 km ESE of Benito Garc√≠a (El Zorrillo), Mexico at 10/6/2025 9:53:32 AM PDT

This reflects data from the U.S. Geological Survey that is subject to change. Visit the USGS page linked below for the latest #quake information",1
daddec0059,"üåç Earthquake!
üìÖ Date: 06.10.2025 16:53:32 (UTC)
üìç Loc: 26 km ESE of Benito Garc√≠a (El Zorrillo), Mexico
üåü Mag: 4.1, üìê Depth: 8.0 km
üó∫Ô∏è Map: https://www.google.com/maps?q=31.57,-116.26&z=9
üìã Details: https://earthquake.usgs.gov/earthquakes/eventpage/ew1759769630&lng=en
üì° Source: USGS üì°",1
186b141966,"Earthquake Report

Earthquake M4.0 has been observed 177.45 km SW of Campamento San Juan Papelillo, Nayarit, Mexico on 2025-10-06 16:28:30. The depth is 17.1 km, the epicenter was in the underwater.

 #crisisinfo, #earthquake, #emsc

 https://map.crisisinfo.eu/?pageid=earthquake_index&id=1473269",1
9f753d86db,"#Earthquake M4.1 | 26 km ESE of Benito Garc√≠a (El Zorrillo), Mexico | 1m ago | Oct 6, 2025 04:53 pm (Universal Time)
Did you feel it? Submit a report!
#moderate #quake #M2+ #M3+ #M4+ #Mexico #Estado_de_Baja_California
Quake feed for Mexico: @mexico.earthquakes.live",1
8a1dfd93ac,"Reviewed M 1.6 earthquake in Delaware County, Oklahoma at 12:45:02 10/03 Oklahoma local time (UTC: 17:45:02 10/03)",1
4e67837da3,"üåç Earthquake Alert üåç
üìç Location: 26 km ESE of Benito Garc√≠a (El Zorrillo), Mexico
üìè Magnitude (mw): 4.1
üîΩ Depth: 8.00 km
‚è∞ Time: 2025-10-06 16:53:32 UTC
üîó Source: USGS
Stay safe!",1
7c8fed1fb1,"#Earthquake M4.1 | Japan: Far E Off North Honshu | 8m ago | Oct 7, 2025 01:44 am (GMT +9)
Did you feel it? Submit a report!
#moderate #quake #M2+ #M3+ #M4+ #Japan",1
1ecc7df24b,"
#Charlotte   #earthquake   #Emmanuel Macron   #France   #Macron",1
a67b8bf795,"#Earthquake M4.0 | Off Coast of Jalisco, Mexico | 22m ago | Oct 6, 2025 04:28 pm (Universal Time)
Did you feel it? Submit a report!
#moderate #quake #M2+ #M3+ #M4+ #Mexico
Quake feed for Mexico: @mexico.earthquakes.live",1
287372ee44,"üåç Earthquake Alert üåç
üìç Location: OFF COAST OF JALISCO, MEXICO
üìè Magnitude (m): 4.0
üîΩ Depth: 17.10 km
‚è∞ Time: 2025-10-06 16:28:30 UTC
üîó Source: EMSC
Stay safe!",1
c34d9560ff,"Reviewed M 0.7 earthquake in Grady County, Oklahoma at 22:19:16 10/04 Oklahoma local time (UTC: 03:19:16 10/05)",1
91f81d7315,"That's no earthquake, it's just Uncle Walter turning in his grave.",1
8a5f825f65,what would it cause an earthquake .,1
987c6844e1,"Absolutely! 

If a large earthquake happens in that area then I‚Äôll know it was a premonition but there are also manmade earthquakes too and there‚Äôs so much conflict going on in that area.‚òπÔ∏è‚òπÔ∏è‚òπÔ∏è",0
39605f528a,"Reviewed M 1.3 earthquake in Tulsa County, Oklahoma at 12:30:25 10/03 Oklahoma local time (UTC: 17:30:25 10/03)",1
54b1a69889,"üåç Earthquake Alert üåç
üìç Location: JAN MAYEN ISLAND REGION
üìè Magnitude (mb): 3.7
üîΩ Depth: 4.00 km
‚è∞ Time: 2025-10-06 16:26:44 UTC
üîó Source: EMSC
Stay safe!",1
9f88521c74,"NEW: Marrakech's African Contemporary Art Museum reinvents itself two years after quake

Marking the 2-year anniversary of the 2023 earthquake, the museum's reopening highlights the city‚Äôs recovery and its growing role as a hub for African art.",1
a5b01a851c,"üåç Earthquake Alert üåç
üìç Location: MINDORO, PHILIPPINES
üìè Magnitude (m): 3.5
üîΩ Depth: 10.00 km
‚è∞ Time: 2025-10-06 16:18:23 UTC
üîó Source: EMSC
Stay safe!",1
d22716d6df,"Hiroo, Hokkaido, Japan, Earthquakes: Latest Quakes

https://www.alojapan.com/1385566/hiroo-hokkaido-japan-earthquakes-latest-quakes/

Support Us ‚Äì Help Us Enhance Our Services!
 We‚Äôre passionate about delivering the latest volcano and earthquake data from around the globe ‚Äî just for you. ‚Ä¶",1
f83feef91d,"Reviewed M 1.6 earthquake in Mayes County, Oklahoma at 10:16:21 10/03 Oklahoma local time (UTC: 15:16:21 10/03)",1
0b1a6df6b7,"Reviewed M 1.2 earthquake in Carter County, Oklahoma at 09:40:23 10/03 Oklahoma local time (UTC: 14:40:23 10/03)",1
95b03933fd,I agree! But unfortunately the song is about the earthquake of 1755 which leveled Lisbon and killed a bunch of people,1
25c18d1e56,"Reviewed M 0.9 earthquake in Grady County, Oklahoma at 05:53:48 10/03 Oklahoma local time (UTC: 10:53:48 10/03)",1
a6461e33b3,"What‚Äôs that? Is it an earthquake? No, it‚Äôs just my town tearing down more houses on my block. 

We‚Äôre running out of houses.",1
d99432e6a5,"Ahhhh very soon I will be waddling along in Japan having all the yummy ramen and more. There uh.. might be a little earthquake as I waddle... just saying üòÅ
üé® @kygen.bsky.social 
#furryart
#fatfur",0
84eca5c7db,"üåç Earthquake Alert üåç
üìç Location: Minahassa Peninsula, Sulawesi
üìè Magnitude (M): 3.3
üîΩ Depth: 88.55 km
‚è∞ Time: 2025-10-06 16:06:33 UTC
üîó Source: BMKG
Stay safe!",1
043901efe9,"üåç Earthquake Alert üåç
üìç Location: EASTERN XIZANG-INDIA BORDER REG.
üìè Magnitude (m): 3.2
üîΩ Depth: 10.00 km
‚è∞ Time: 2025-10-06 15:43:37 UTC
üîó Source: EMSC
Stay safe!",1
94082850bd,"üåç Earthquake Alert üåç
üìç Location: Halmahera, Indonesia
üìè Magnitude (M): 2.2
üîΩ Depth: 10.00 km
‚è∞ Time: 2025-10-06 15:55:30 UTC
üîó Source: BMKG
Stay safe!",1
c7a0c1c09b,"#FRANCE 24„ÄÄFrance: President Macron under pressure after fifth PM in two years resigns ‚Ä¢ FRANCE 24¬†English

France: President Macron under pressure after fifth PM in two years resigns ‚Ä¢ FRANCE 24 English Prime minister S√©bastien Lecornu has resigned, creating a political earthquake in France.‚Ä¶",1
8d55deca74,"Â∞èÂçÄÂüüÊúâÊÑüÂú∞ÈúáÂ†±Âëä

10/06-23:55Ëä±ËìÆÁ∏£ÁßÄÊûóÈÑâÁôºÁîüË¶èÊ®°3.7ÊúâÊÑüÂú∞ÈúáÔºåÊúÄÂ§ßÈúáÂ∫¶Ëä±ËìÆÁ∏£ÈäÖÈñÄ3Á¥ö„ÄÇ
https://scweb.cwa.gov.tw/zh-tw/earthquake/details/2025100623553937

#Âú∞Èúá #‰∏≠Â§ÆÊ∞£Ë±°ÁΩ≤",0
9d28cfe605,"Earthquake Report

Earthquake M4.0 has been observed 10.01 km ENE of Jaco, Puntarenas, Costa Rica on 2025-10-06 15:21:30. The depth is 20 km, the epicenter was in the underground.

 #crisisinfo, #earthquake, #emsc

 https://map.crisisinfo.eu/?pageid=earthquake_index&id=1473241",1
4a14ec2a03,"Reviewed M 0.5 earthquake in Grady County, Oklahoma at 22:23:44 10/04 Oklahoma local time (UTC: 03:23:44 10/05)",1
c903b68ff0,"üåç Earthquake Alert üåç
üìç Location: BANDA SEA
üìè Magnitude (m): 3.9
üîΩ Depth: 216.00 km
‚è∞ Time: 2025-10-06 15:32:57 UTC
üîó Source: EMSC
Stay safe!",1
b4081e41b2,"Reviewed M 0.6 earthquake in Grady County, Oklahoma at 22:35:24 10/04 Oklahoma local time (UTC: 03:35:24 10/05)",1
c253ef0194,"Reviewed M 0.9 earthquake in Grady County, Oklahoma at 23:05:48 10/04 Oklahoma local time (UTC: 04:05:48 10/05)",1
267895ddae,"Reviewed M 1.1 earthquake in Canadian County, Oklahoma at 01:42:22 10/03 Oklahoma local time (UTC: 06:42:22 10/03)",1
fc8a75f311,"New Scale Explores Earthquake Preparedness¬†Motivations

In an era marked by escalating natural disasters and increasing urban vulnerability, understanding the psychological and behavioral drivers behind disaster preparedness is more crucial than ever. A groundbreaking study recently published in‚Ä¶",0
0adc4cbb75,"#MosaicMonday

From the House of Neptune and Amphitrite, Herculaneum. This fragment is part of the Nymphaeum. Dated between 62AD when the house was rebuilt after an earthquake & 79AD when the city was buried.

üì∑ Nikon D50 üî≠ 70-300 mm f4.5

#Photography üì∏ #WestCoastKin
#Archaeology üè∫ #AncientBlueSky",1
9504fc5df7,"Flood Advisory issued October 6 at 1:18PM EDT until October 6 at 2:30PM EDT by NWS Melbourne FL
Additional Details Here.",1
81acd82356,"Flood Advisory issued October 6 at 1:18PM EDT until October 6 at 2:30PM EDT by NWS Melbourne FL
Additional Details Here.",1
5a3a44f208,"üö® Coastal Flood Warning issued October 6 at 1:19PM EDT until October 8 at 5:00AM EDT by NWS Jacksonville FL üö®
Additional Details Here.(3/4)",1
92aab34afc,"üö® Coastal Flood Warning issued October 6 at 1:19PM EDT until October 8 at 5:00AM EDT by NWS Jacksonville FL üö®
Additional Details Here.
(2/4)",1
a1ada4378c,"üö® Coastal Flood Warning issued October 6 at 1:19PM EDT until October 8 at 5:00AM EDT by NWS Jacksonville FL üö®
Additional Details Here.
(1/4)",1
f904d0fee6,"Coastal Flood Statement issued October 6 at 12:22PM CDT until October 7 at 7:00PM CDT by NWS Brownsville TX
Additional Details Here.",1
8d58fd9d82,"#ZeeBiharJharkhand Bihar-Nepal Flood News: ‡§§‡•Ç‡§´‡§æ‡§® ‡§ï‡•Ä ‡§¶‡§∏‡•ç‡§§‡§ï‚Ä¶6 ‡§∞‡§æ‡§ú‡•ç‡§Ø‡•ã‡§Ç ‡§Æ‡•á‡§Ç ‡§Ö‡§≤‡§∞‡•ç‡§ü¬†!

Bihar-Nepal Flood News: ‡§§‡•Ç‡§´‡§æ‡§® ‡§ï‡•Ä ‡§¶‡§∏‡•ç‡§§‡§ï...6 ‡§∞‡§æ‡§ú‡•ç‡§Ø‡•ã‡§Ç ‡§Æ‡•á‡§Ç ‡§Ö‡§≤‡§∞‡•ç‡§ü ! Bihar-Nepal Flood News: ‡§®‡•á‡§™‡§æ‡§≤ ‡§∏‡•á ‡§≤‡•á‡§ï‡§∞ ‡§¨‡§Ç‡§ó‡§æ‡§≤ ‡§§‡§ï ‡§¨‡§æ‡§∞‡§ø‡§∂ ‡§®‡•á ‡§§‡§¨‡§æ‡§π‡•Ä ‡§Æ‡§ö‡§æ ‡§∞‡§ñ‡•Ä ‡§π‡•à...‡§Æ‡•å‡§∏‡§Æ ‡§ï‡•á ‡§∏‡§∞‡§™‡•ç‡§∞‡§æ‡§á‡§ú ‡§Ö‡§ü‡•à‡§ï ‡§ï‡•Ä ‡§µ‡§ú‡§π ‡§≠‡§Ø‡§æ‡§®‡§ï ‡§Æ‡§Ç‡§ú‡§∞ ‡§®‡§ú‡§∞ ‡§Ü ‡§∞‡§π‡•á ‡§π‡•à‡§Ç...‚Ä¶",0
4dd7abe4e4,Flood away!,0
dacb536bae,"BRO extends time of Coastal Flood Statement for Cameron Island, Kenedy Island, Willacy Island [TX] till Oct 7, 7:00 PM CDT
at Mon, 06 Oct 2025 17:22:43 +0000 via IEMbot
Additional Details Here.",1
2bd591a64a,"MLB extends time of Flood Advisory for Brevard, Volusia [FL] till Oct 6, 2:30 PM EDT
at Mon, 06 Oct 2025 17:19:08 +0000 via IEMbot
Additional Details Here.",1
2bd591a64a,"MLB issues Flood Advisory for Seminole, Volusia [FL] till Oct 6, 2:45 PM EDT
at Mon, 06 Oct 2025 17:13:17 +0000 via IEMbot
Additional Details Here.",1
2bd591a64a,"MLB extends time of Flood Advisory for Brevard, Orange [FL] till Oct 6, 2:30 PM EDT
at Mon, 06 Oct 2025 17:18:33 +0000 via IEMbot
Additional Details Here.",1
3c02192a9b,"JAX continues Coastal Flood Advisory for Coastal Camden [GA] till Oct 8, 5:00 AM EDT
at Mon, 06 Oct 2025 17:19:16 +0000 via IEMbot
Additional Details Here.",1
3c02192a9b,"JAX continues Coastal Flood Advisory for Coastal Duval [FL] till Oct 8, 5:00 AM EDT
at Mon, 06 Oct 2025 17:19:17 +0000 via IEMbot
Additional Details Here.",1
15a773427f,"JAX continues Coastal Flood Warning for Eastern Clay, Eastern Putnam, Western St. Johns [FL] till Oct 8, 5:00 AM EDT
at Mon, 06 Oct 2025 17:19:17 +0000 via IEMbot
Additional Details Here.",1
c1108c43ed,"I continue to be so baffled by getyarn.io. Their results flood any Google search for gifs, but their site has been broken forever. And yet, Google keeps serving it up. It's like the corpse of a website won SEO.",0
c336663f80,"Either that pamp is gonna be leaking a flood, or its gonna balloon to cartoonish proportions.",0
f590ce1bbf,"BRO extends time of Coastal Flood Statement for Cameron Island, Kenedy Island, Willacy Island [TX] till Oct 7, 7:00 PM CDT Link",1
e24b306493,"My ass needs that cock! You can even DP me with my cock inside my hole also and cum together and pull out feeding me our mixed cum off your cock. I'll be hard instantly and want to eat and breed your hole using our cum as lube and I will flood your hole, pull out and feed you my cum off my cock!",0
2f48a95ef7,"JAX continues Coastal Flood Warning for Eastern Clay, Eastern Putnam, Western St. Johns [FL] till Oct 8, 5:00 AM EDT Link",1
a392137939,"JAX continues Coastal Flood Advisory for Coastal Duval [FL] till Oct 8, 5:00 AM EDT Link",1
9d7a76b15c,"The Legislative Redistricting Committee is grappling with a flood of public feedback while navigating the complexities of legal constraints on map proposals. 

Get the details!

#UT #CitizenPortal #PublicEngagement #CivicTransparency #VotingEquality",0
37206e06a0,"Judge Blocks California National Guard Deployment to¬†Oregon

Federal Showdown Over Portland Protests Ignites Nationwide Fury A Trump-appointed judge just threw a wrench into the president's aggressive push to flood Portland with troops, halting a controversial California National Guard deployment‚Ä¶",0
b385b90bf1,"Also, that much rain in that little time tends to flood the streets to depths impassable to passenger cars...but not a bicycle.  And I often arrived to work drier than folks who drove then ran through the parking lot.",0
d84dd6f22f,"Flood Advisory issued October 6 at 1:13PM EDT until October 6 at 2:45PM EDT by NWS Melbourne FL
Additional Details Here.",1
35251da8b8,"MLB issues Flood Advisory for Seminole, Volusia [FL] till Oct 6, 2:45 PM EDT Link",1
2827baf307,I had a horrible migraine dream meaning I had a migraine took medicine for it and fell asleep and had a horrible dream about a house I have not lived in for 40 years and there was a flood. We were getting stuff to stop it but then an small school bus pulls up and I say I am going to get the dog ?,0
40068e93cb," ""Flood the capitol"" 

Okay.",0
8011b2ff91,"AMLC: Frozen property is now associated with flood scam on¬†P4.2B

The Anti-Mani Laundering Council (AMLC) said that the total value of the assets allegedly associated with those behind corruption in government flood control projects, the Anti-Mani Laundering Council (AMLC) said. AMLC Executive‚Ä¶",0
c567f30676,"In 1999, The tropical depression over Puebla, Veracruz, Tabasco and Hidalgo finally moves off after causing widespread flood damage over a 3-day period. ",0
1ffcae8a76,"The Utah Republican party called for its members to flood the comments in favor of this map ""...to stop the Democrats."" www.utahpoliticalwatch.news/stop-the-dem...",0
06076bc126,"Paramount Skydance CEO David Ellison has named Bari Weiss editor-in-chief of CBS News, as part of a pact with other billionaires to flood the media landscape with pro-genocide propaganda.

There.   Fixed it for you.",0
6e4a060077,"MLB issues Flash Flood Warning [flash flood: radar indicated] for Brevard [FL] till Oct 6, 3:00 PM EDT
at Mon, 06 Oct 2025 16:59:14 +0000 via IEMbot
Additional Details Here.",1
33a96ad1e6,"and the current political climate worldwide of immigrants seeking permanent shelter being compared in press to the Moomins‚Äô origin story of being in a strange land after a flood, much ink has been shed on the appeal of this idyllic world of ‚Äúno money, no cars, and no fights‚Äù.",0
a5e48530a3,"The National Weather Service has issued a Flash Flood Warning for Brevard, FL beginning at 12:59 pm and ending at 3:29 pm",0
5950ffbb34,"#NWS #flood #nwsflashflood #FlashFloodWarning Flash Flood Warning for Brevard, FL #FLwx https://alerts-v2.weather.gov/search?id=urn:oid:2.49.0.1.840.0.a22260517bc58f02e299711a1cf81b05f7114068.001.1",0
eaafa5c0ee,Workers were assessing flood risk on a disused Metro Rail segment ~250 feet below ground when the attack occurred. Older sections of Appalachia‚Äôs underground have faced long-term closures and targeted culls after similar incidents.,0
6097b781a0,"üññ#OTD 6th Octoberüññ

66: TOS - The Enemy Within
67: TOS - Mirror, Mirror
73: TAS - More Tribbles, More Troubles

#StarTrek
#ForFansByFans",0
e54153526e,"West Bengal CM Mamata Banerjee visits flood-affected Jalpaiguri, urges people to maintain ‚Äúrestraint and¬†caution‚Äù

Mamata Banerjee, the chief minister of West Bengal, visited the flood‚Äëhit town of Jalpaiguri on Monday after a series of heavy rains devastated north‚Äëwest Bengal. In a speech to‚Ä¶",0
df2a84f32d,"Significant coastal flooding, storm surge, and damaging winds expected over the next several days along Alaska's western seaboard. Flash flooding possible today in Puerto Rico and the Mid-Mississippi and Ohio Valleys. #flashflood #coastalstorm #flood #wxsky",0
e542e3593a,"üö®üá≥üá± üáµüá∏ BREAKING: Nearly 30% of the population of Amsterdam, an estimated quarter of a million people, flood the streets of the city wearing red in solidarity with Palestine.
#FreePalestine #FreeGaza",0
188048b173,"üö® Flash Flood Warning issued October 6 at 12:59PM EDT until October 6 at 3:00PM EDT by NWS Melbourne FL üö®
Additional Details Here.",1
e7b9cd13e7,"Coastal Flood Advisory issued October 7 at 2:46AM ChST until October 9 at 3:00PM ChST by NWS Tiyan GU
Additional Details Here.",1
358838d3e1,"I think TACO does his own sometimes, and sometimes others do it. It's all distracting nonsense meant to ""flood the zone"" while everything is being wrecked. It is a time-honored tactic among despots. Bread & Circuses is apt, but they fucked up by attacking the Super Bowl.",0
38467dc0fd,"Russell Vought is the only ‚ÄúBad Puppeteer‚Äù who speaks in TONGUES, the language of Christian Nationalists that people should be protesting & revolting against. He‚Äôs who‚Äôs actually running the White House & Congress. Flood the phones at the state house.",0
807395bef3,"MLB issues Flash Flood Warning [flash flood: radar indicated] for Brevard [FL] till Oct 6, 3:00 PM EDT Link",1
573eaf901f,"Welp, gonna go on a reposting spree. Realized I've mostly ONLY been absentmindedly ""liking"" stuff, so uh. Prepare for a flood of stuff!",0
7ed4c2ce8d,"The legislature had 6 maps to choose from and they chose the least competitive map- the map that the Utah GOP promoted a few days ago. They told their members to flood the redistricting site with supportive comments, saying that this map would ""Stop the Democrats.""",0
6af0a95a1b,"#China #TyphoonMatmo #flood #weather #climate  #anomaly #climatechange

 üá®üá≥ October 5, 2025
Typhoon Matmo struck the southern provinces of Guangdong and Hainan, bringing torrential rains and powerful winds. In Zhanjiang and surrounding areas, streets were flooded and infrastructure was disrupted.",0
ef50157710,"That's interesting. Were you able to follow the data past 2 years to make sure there wasn't just an initial flood of products after dereg before the market resettled?

And let's acknowledge the obvious... self distr. is cumbersome and difficult. It will fail if you suck at it lol.",0
9ae26dddb6,"#China #TyphoonMatmo #flood #Guangdong #weather #climate #destruction #anomaly #climatechange

üá®üá≥ Severe flooding in Yangjiang, Guangdong Province (October 5, 2025)

üåä Typhoon Matmo brought torrential rains and strong winds, triggering major flooding in the city of Yangjiang.",0
6caec1c5aa,"This.  

A group is planning a ""flood NYC for Gaza"" event on 10/7.

""Flood"" was Hamas's code name for the attack - Al Aqsa Flood.

So spare me ""they're pro-human rights."" 

No, they are evil ghouls.",0
0063a3d05d,"#Vietnam #flood #SonLa #weather #climate #destruction #anomaly #climatechange

üáªüá≥ Son La Province, October 6, 2025

üåä Torrential rains caused major flooding at Thao Nguyen Hospital in Moc Chau. Water inundated the hospital premises and surrounding areas,",0
134232be67,"Another great throw from Bryce Young here, this time on a flood concept. Jimmy Horn was making an impact in his debut. #Panthers",0
2b087f326b,"Wake of the flood, laughing water, forty-nine
Get out the pans, don't just stand there dreaming

#DeadSky #Rose #DailyFlowers #BloomScrolling",0
e5aa558df5,"Hmm, just a thought: maybe it has to do with Sean Fraser and Justin Trudeau thinking it was a good idea to flood Canada with millions of immigrants, refugees, temporary foreign workers and foreign students without scaling housing etc. to match.

Sheer incompetence.
#cdnnews #cdnpoli #immigration",0
0a8ac636dc,"TEXAS FLOOD VICTIMS? TEXAS TORNADO VICTIMS? MISSING CHILDREN IN TEXAS? NOPE. Just more cosplay by the creeple in the Governors office. Does Abbott think he'll get a better cot in the ""health camp""?",0
0a7ba3b1fa,Flood Alert for Tidal Thames riverside from Putney Bridge to Teddington Weir,0
a9f9a29991,"#HeritageFoundation
rp @cliffcashcomedy.bsky.social
OCT 6 MONDAY FUNDAY @ Heritage Foundation #DC 
214 Massachusetts Ave #WashingtonDC
4pm PROTEST üëå 6pm PIZZA - NO üçï PIZZA FOR NAZIS
Every Monday 
w/ noise makers to keep them alert & focused

#FuelTheFLARE #WeAreTheFlood #ProjectEsther
#6",1
f066d7133e,"Question for those not in the US, do yall have continuous commercials about medication / prescriptions?? They flood our airwaves here almost constantly... it's annyoing...",0
1569eee80a,"Are there images of kids zip tied, other than the one of the baby in the green shoes?
That one isn't real and we shouldn't be spreading it around. 
If there are real pictures, let's flood the zone with them.",0
ea22f3c96b,"GUM continues Coastal Flood Advisory for Majuro [MH] till Oct 9, 2:00 PM CHST
at Mon, 06 Oct 2025 16:47:13 +0000 via IEMbot
Additional Details Here.",1
649a1e2b72,"GUM continues Coastal Flood Advisory for Majuro [MH] till Oct 9, 2:00 PM CHST Link",1
b8386be28c,"MEG continues Flood Advisory for Cross, Lee, St. Francis [AR] till Oct 6, 2:15 PM CDT
at Mon, 06 Oct 2025 16:30:43 +0000 via IEMbot
Additional Details Here.",1
ceb0ddf0c2,"LIX cancels Flash Flood Warning for Tangipahoa, Washington [LA]
at Mon, 06 Oct 2025 16:27:45 +0000 via IEMbot
Additional Details Here.",1
c626781ee7,"Flood Advisory issued October 6 at 11:30AM CDT until October 6 at 2:15PM CDT by NWS Memphis TN
Additional Details Here.",0
63e95f8488,Flood alert issued for River Mersey estuary in Warrington as high tide forecast,0
2441492145,"I'm honored and delighted to be on @newscientist.com's list of best new science fiction books of October 2025. I'm in exceedingly good company, so if you're looking to build up your TBR pile, look no further: www.newscientist.com/article/2497... Apprehension is available for preorder.",0
0e83b12186,"I just need some kind of big fat cosmic horror creature to abduct me, own me, pamper me like a purse dog, and use me to breed enough runts to flood the galaxy with",0
2ec90072dc," 1926 lleg√≥ su primera gran oportunidad al ser elegida como una de las WAMPAS Baby Stars y protagonizar su primera pel√≠cula, Johnstown Flood. 

Janet gan√≥ la estatuilla a la mejor actriz en la edici√≥n de los Oscar del a√±o 1929 por trabajos como El s√©ptimo cielo, El √°ngel de la calle y Amanecer,",0
7a7466d58b,Watched an episode of The Americans that ended with a montage with ‚ÄúHere Comes The Flood‚Äù and it reminded me truly how much it‚Äôs one of my favorite tv shows ever. open.spotify.com/track/4bZN8g...,0
cf0be5295d,"""Every time a fire starts, we're behind the curve."" ‚Äì Mark Brown, Marin Wildfire Prevention Authority. 

Wildfires threaten to upend the public health, economic, and ecological systems of Californian communities. Despite effective prevention strategies, research gaps remain. 

üîó bit.ly/4mPRxgq",0
0863e7be9f,"""An ancient forest of sugar and Jeffrey pines within Sierra National Forest was almost entirely wiped out during a lightning-ignited wildfire last month.

Aside from the loss of big trees, the 3,000-acre forest, set aside in 1938, also served for generations as laboratory for ecological research.""",1
8c3d74f15d,"Currently sitting here reading this, rolling my eyes, sighing and saying WTF 

Officials ask people to 'stay the heck out' of evacuation zones near Lake George wildfire #NovaScotia

Kings County mayor says people entering evacuation zones on ATVs to look around

www.cbc.ca/news/canada/...",0
2973d488bb,"Fighting wildfire with fire: California residents, once wary, embrace ‚Äòcontrolled burns‚Äô",1
bd1270e9c8,Taking our national guard from CA during peak wildfire season no less. Genius!,1
43db9bfb0f,golden wildfire might‚Äôve been ass but it gave me this cutscene which I think justifies its existence entirely,1
aba659406f,"Special Weather Statement issued October 6 at 1:07PM EDT by NWS Albany NY
Additional Details Here.",1
f9b686b111,The art is sick *and* it makes me hyper vigilant about seeking out combat agnostic damage triggers,0
a5b3f7bf54,High temperatures a challenge as Lake George wildfire grows slightly,1
950eeb6e49,"Not to mention he's trying to send CA national guard to Portland for no good reason during peak wildfire season. What a ""very stable genius"" we have as POTUS.",1
25d43fd825,"Special Weather Statement issued October 6 at 12:56PM EDT by NWS Burlington VT
Additional Details Here.",1
17b9cb9c8e,"We've had 2 persistent wildfires burning up in the Central Cascade mountains, which together have burned over 78,000 acres since 9/1. Our air quality in the valley varies daily with the wind direction; yesterday was nice but today it's bad again. We could really use some rain. 
#wildfire #centralwa",1
2ab9094baa,"Sitting out the fight still tips the scale, toward collapse.
When we delay, the cost is borne by coastal kids breathing wildfire smoke, by fishers who lose their catch, by species that vanish unheard.
#NoSidelines #DutyToAct #OceanHoptimism",1
559a0a0628,"N.S. officials ask people to 'stay the heck out' of evacuation zones near Lake George wildfire

The mayor of the Municipality of the County of Kings is calling for people to stop entering wildfire evacuation zones on all-terrain vehicles. The Lake Ge...

#cbc #cbc-canada-news #Canada ",1
ff42af5230,"It‚Äôs been a minute since I last read them 
So her doing so many interviews, reminds me of the Hunger Games Victors doing a tour & spreading propaganda 

But Katniss ends up spreading anti-propaganda & which spreads like wildfire. It‚Äôs too late, she can‚Äôt take it back. Losing followers along the way",0
9e039561f0,"Here's a blog with @fkearns.bsky.social @edithdeguzman.bsky.social and others on a topic that remains top of mind: 

""Water Systems and Wildfire: Understanding Capacities and Limitations""

Summarizing our Aug 18 workshop w/ 35 external participants.

ucanr.edu/blog/conflue...",1
f8a4df2391,Water Systems and Wildfire: Understanding Capacities and Limitations #cawater ucanr.edu/blog/conflue...,1
1883ec20b1,"Residents of fire-ravaged Saskatchewan village face housing squeeze, high¬†price

Global News - Fire | 2025-10-06 16:31 According to a report by Global News... In June, a wildfire tore through the northeast Saskatchewan village, located near the Manitoba boundary.¬† complete report is on below link.",1
fbf1375de2,"Here's your Monday Salish Sea News and Weather: Golden locust, pink salmon boom, Trump's science, wildfire risk, carbon removal, Pierce Co pipe, democracy watch salishseanews.blogspot.com/2025/10/106-...",1
c6af1e3470,"Oh same. And like, I will even tolerate snow, we desperately need the water. There was a wildfire 15 minutes away from me last night. They got it out, but that is WAY too close",0
430615b4f2,"LAKE GEORGE WILDFIRE UPDATE

13:00: The Lake George wildfire is still out of control and grew slightly to an estimated 288 hectares due to ongoing dry, windy conditions. No reports of damage to structures. The fire is burning deep and today‚Äôs high temperature will be a challenge.",1
aebc54f916,"ICLC offers a FREE #Wildfire Tenant Support Clinic!

üìÖ Next clinic date is WEDNESDAY MAY 8 @ 10:30am -12:30pm. Email jsmalley@innercitylaw.org to schedule your appointment at the next clinic. Spread the word! #legalaid #resources",1
66939735f7,"This is the most consequential summit/meeting/day/prison sentence/spending/startup/war/cease fire/war/cease fire wildfire/change/oil glut/Country/Nation/Producer/Director/grip boy/album/[redacted]/App/[redacted]/Closure so far this [redacted]

The Weather isn‚Äôt so! bad either.

#News",0
ad9dba2a30,"NEW PAPER üì£ Projecting Future Changes in Burn Probability in Canada's Forests and Communities Under Different Climate Change Scenarios 

doi.org/10.1080/0703...

‚úçÔ∏è: Mulverhill, Coops, Wulder (@mikewulder.bsky.social), Hermosilla (@txominhermos.bsky.social), White, Bater

#Wildfire #ClimateChange",0
1374293ab8,"The 4th International Smoke Symposium (ISS4), will be held in Tallahassee, Florida, March 23-27, 2026. Proposals are now being accepted for talks, workshops, and other special sessions. Get full details at buff.ly/6KlhyLl #Smoke #Wildfire #PrescribedFire",1
81b9fe9de3,The main thing is that fake story spread like wildfire and confirmed hysteria of the paranoid right wing. Lies go all over the world while the refutations are still putting their shoes on.,1
267d0914ab,"The Lake George wildfire is still out of control and grew slightly to an estimated 288 hectares due to ongoing dry, windy conditions. No reports of damage to structures. The fire is burning deep and today‚Äôs high temperature will be a challenge.",1
3cf6c72db6,"@NS_DNR:

The Lake George wildfire is still out of control and grew slightly to an estimated 288 hectares due to ongoing dry, windy conditions. No reports of damage to structures. The fire is burning deep and today‚Äôs high temperature will be a challenge.",1
52d20c78d8,"‚ÄòThe Lost Bus‚Äô Brings You on Board for a Terrifying Wildfire Evacuation

www.kqed.org/arts/1398213...",1
7b15e769d6,"Indigenous people bear the worst of Canada‚Äôs historic wildfire season

wapo.st/48Rnrpb",1
947ee74ce5,"A study in @nature.com found that by 2050, wildfire smoke‚Äîdriven by rising temperatures‚Äîcould kill an estimated 70,000 Americans every year. Over the next 3 decades, the death toll could reach 2 million. This is among the most alarming health projections tied to climate change yet.",0
d01b2e68d4,NEWS: Mountain View County moves forward with wildfire preparedness,1
80ee9f4626,"Animation of Saharan dust and Canadian wildfire smoke over the summer:

vimeo.com/1124461017",1
b073c015b6,"#TheLostBus, from Paul Greengrass, takes you into the heart of a deadly wildfire. Proud of our Berlin team, led by #VFX Supervisor Oliver Schulz and VFX Producer Michelle Cullen, for crafting part of the film‚Äôs intense #visualeffects.

Kindly supported by @medienboard.bsky.social and #DFFFII.",0
8544031929,"How disasters change our love lives ‚Äî for better and for worse.

Some couples broke under the pressure of Hurricane Helene. Others found something solid and surprising in each other.

grist.org/culture/how-...

#Love #Disaster #Divorce #Weather #Hurricanes #Floods #Wildfire",0
62605a8028,"The Alan Parsons Project - I Wouldn't Want to Be Like You
CAKE - The Distance
Michael Martin Murphey - Wildfire
/üßµ",1
78b56a1506,"#AGW
#reinsuranceconsensus

""In the U.S., disaster costs have been rising because real estate costs are high, more people have moved to areas at high risk of wildfire and hurricanes, and climate change is causing more extreme weather.""

See also Swiss Re:",0
e07786e9aa,"Our last day of the Wildland Urban Fire Summit #WUFS featured State Forester Laura McCarthy with legislative updates and Steve Hawks from 
@ibhs.org 
about the Wildfire Prepared Plan -- now active in New Mexico! Ashley Dalton rounded out the day with insurance tips for homeowners.",0
aee39aec23,"FIRST WARNING WEATHER: Wildfire danger now in the high range for Warren, Mckean, and Forest counties, and moderate elsewhere.  Outdoor burning is not recommended until some rain falls tomorrow.",1
30c839c874,"I always struggled listening to lore videos about Black Spiral Dancers. It can be fun to make truly vile characters for a WOD campaign. 

But during the summer it gets a little too real. I can‚Äôt deal with Pentex lore when I‚Äôm trying to survive wildfire season. Good thing it‚Äôs not summer any more!",0
f5c3bd4179,WHEN WILL WE GET A FOIL WILDFIRE ELEMENTAL ??? üò°üî•üò°,1
e75d55fbf9,"After the Wildfire documents an edited, expanded version of an orchestral commissioned work of Norwegian live sampling and electronics player Jan  Bang and trumpeter and vocalist Arve Henriksen for the Skopje Jazz Festival. My review for Salt Peanuts: salt-peanuts.eu/record/jan-b...",1
43fb3bc98a,"Without downloading anything new, where are you mentally?",0
87e31e5684,"This is where tax dollars should be appropriated. 

Should Canada have a national wildfire fighting agency? This MP thinks so. #canpoli #wildfires #canada #climatecrisis

www.cbc.ca/news/canada/...",1
af4203aea7,"Lake George wildfire still out of control and spread to 2.85 square km with wind #LakeGeorge #NovaScotia

halifax.citynews.ca/2025/10/05/l...",1
73f6db5487,"‚ÄòSix Seven‚Äô: Understanding the latest and viral TikTok¬†slang

The 6-7 g√∂ƒü√ºs emerged from TikTok and it‚Äôs spread like wildfire. What does it all mean?",0
bda52a3981,Wildfire smoke will become deadlier if emissions aren't curbed: study www.nationalobserver.com/2025/10/06/n...,1
0237ca0171,"""We cannot have markets on wildfires because a human could set or accelerate a wildfire,‚Äù said Such. ‚ÄúWe don‚Äôt want to create a financial incentive for people to start fires.‚Äù 

THIS IS PEAK HUMAN GREED AND STUPIDITY.  

atmos.earth/art-and-cult...",1
19ae3d4b61,"California once suppressed ‚Äúcontrolled burns,‚Äù an Indigenous practice. Residents are now embracing it to reduce the growing threat of wildfire. #wildfires #california #solutions www.csmonitor.com/Environment/...",1
00cdd44fab,"5 years later in Maui... same damn thing. Utility company too greedy to put lives over profit. Camp Fire was during trump 1.0 and Maui wildfire was during Biden's term. Point being, it doesn't matter the POTUS, this corruption drives capitalism. Until it is held accountable, it will continue.",0
f08a65bb23,"EASACs report ""Changing Wildfires"" highlights emerging wildfire risks for European countries like Sweden üá∏üá™. The seminar by @scienceacademyswe.bsky.social & KSLA featuring our Environment Programme Director Thomas Elmqvist discusses how to adapt. Attend live or digitally: www.ksla.se/aktiviteter/...",1
df7e1bb95b,"Sunday, the week's swan song. Photographed yesterday in the foothills of the Smoky Mountains.
#photography #wildfire #birds #swans",1
b386beb781,‚ÄòLogs falling from the sky‚Äô: the harrowing true story behind wildfire drama The Lost Bus,1
1e80e171d5,"job

Wildfire and Forestry Research Assistant 

CPAWS 

DL: Nov. 1

csn-rec.ca/job-postings...",1
2d85881687,"#ScotlandsRainforest grows in a zone with high rainfall right through the year. But with Wildfire Warnings becoming more common in Scotland‚Äôs springs and summers, how much of a threat do fires pose to this already vulnerable habitat? buff.ly/zlUM1Fh 
üì∑ Samuel Lindsay",1
fe3e1bd1b8,"‚ÄòLogs falling from the sky‚Äô: the harrowing true story behind wildfire drama The Lost Bus

Paul Greengrass‚Äôs anxiety-inducing new disaster drama relives the devastating 2018 Camp fire in California, a day relived by its survivors hereSchoolteacher Mary Ludwig gets goose bumps when she remembers...",0
b9e48317f5,"Evacuees from Lake George wildfire 'feeling desperate,' says Kings County mayor #NovaScotia
Smaller fire has broken out in another part of Kings County

www.cbc.ca/news/canada/...",0
b684976589,"Special Weather Statement issued October 6 at 6:14AM EDT by NWS Burlington VT
Additional Details Here.",1
48c39043ee,"Are you talking in relationships?  Because that doesnt fly in business. And men dont defend other men even when they dont know the story, like women do. They rally around each other and spread lies about others faster than wildfire",0
0025ff1872,"See images from the past week, including a golfing cholita in Bolivia, a 90-minute ‚Äúspace out"" competition in Japan, a torchlight procession in Spain, a wildfire in Namibia, soapbox racing in Colombia, and much more www.theatlantic.com/photography/...",1
08123742ee,"Now another sneaky little thing that I'm sure someone has seen but hasn't acted on yet, is that some CA Guard were de-federalized to be used for state wildfire activities. Pulling another 200 from who were left suggests that Trump doesn't actually need them. Expect CA to fight for their men back.",0
35aeb70aa0,"#Larimer County is using #OroraTech‚Äôs #wildfire platform for real-time alerts and spread modeling, enhancing response in one of #Colorado‚Äôs most fire-prone regions.

üîóhttps://spacewatch.global/2025/10/larimer-county-colorado-adopts-ororatechs-satellite-wildfire-detection-platform/

#SpaceWatchNews",1
9a6034d1b1,"This are no bombs and no trees for wildfire‚ö†Ô∏è
What are they using, this is a fire belt, moving ahead on the ground, burning all the natur and all ü•∂üëπ
I've watched many wildfires, but have never seen such a black and large smokeü•∂This are not wildfiresüÜò

#Gaza #Palestine #Genocide #Holocaust2025",1
d1093e0b3c,Wildfire smoke will become deadlier if emissions aren't curbed: study www.nationalobserver.com/2025/10/06/n...,1
3d149912aa,"#WION Corsica: Two Blazes Rage In French Island | WION Climate Tracker |¬†WION

Corsica: Two Blazes Rage In French Island | WION Climate Tracker | WION Corsica: Two Blazes Rage In French Island #corsica #france #wildfire About Channel: WION The World is One News examines global issues with in-depth‚Ä¶",1
0d5701640e,"Wildfire smoke will become deadlier if emissions aren't curbed: study
->National Observer | #ClimateChange #WildfireSmoke #Emission #Forest | More from BigEarthData.ai",1
9146fc89fa,"Envirotech Vehicles just unveiled a breakthrough: a US-made heavy-lift drone capable of carrying 1,500 lbs! Designed for ag spraying & wildfire suppression, it‚Äôs the first of its kind built in America. Learn more here:",0
83fb6cc389,"‚ÄúBreaking: New wildfire reported in Los Angeles County on Oct. 6‚Äù ‚Äî Sacramento Bee

#LANews #LosAngeles #LA",1
ac6758bb3b,wooooo yeeeah a wildfire,1
2fa7e6bcfc,Dreamt that something I wrote went wildfire for number of views so I rewarded myself with a thick glass ornament as memento.,1
1e966419df,I have a story.The area where we were scheduled to stay was filled with toxic wildfire smoke. An absurd weeks-long battle for a refund ensued. My husband (w/30k LinkedIn followers) contacted an AirBnB exec. That‚Äôs how we got our $ back. Otherwise it‚Äôs impossible. We don‚Äôt book with them any longer.,1
b46f06aa8c,been spreading like wildfire on x and tiktok. glad ppl are playing dejimon finallyb:D,0
14d379bb2f,"I just sent a letter urging the government to act on Canada‚Äôs wildfire crisis. Join me in demanding a real plan to protect communities, nature, and our future!
act.naturecanada.ca/page/173783/...",0
5784f47e2b,"Our thoughts are with those in Washington near the #LaborMountainFire. It has burned over 39,000 acres and is only 7% contained. Evacuation orders are in effect. We are monitoring the critical fire weather conditions LIVE on Yallbot. #WAfire #Wildfire - https://x.com/OfficialYallbot/status/197506...",1
a73fc74413,So I went to check the status of a wildfire and this piece of political propaganda is front and center on the US Forest Service website.,1
3f8c3b9ae2,Idaho 21 just north of Grandjean sustained a mudslide in late August after heavy rains came to the area damaged from a 2024 wildfire.,1
1c4c2e3625,We had a very late bloom and fruit set on the elderberries as they recovered from extreme stress caused by a hard winter and subsequent lack of water ‚Äî similar to a post-wildfire response. It was so exciting to see them recover! I watched the fruit develop and then‚Ä¶ disappear üåø üå∞ #elderberry #birds,0
1bb1421d40,"I deleted because he was not hospitalized, though he was attacked.

I said they lie because they lie.

We‚Äôve been besieged by propaganda for two years, on everything from hospitals blown up by Hamas (not Israel) to Thunberg‚Äôs false claims that spread like wildfire.

They lie.",1
36d7894123,Change in weather has blown out the wildfire smoke haze that's been hanging over Seattle. Great to see the mountains out clear and crisp for the first time in a long while! Koma Kulshan (aka Mount Baker) viewed this morning from Alki Beach:,0
a840cab8dd,"In 2020, during California‚Äôs severe wildfire season, she treated a 16-year-old who had immigrated unaccompanied from Mexico and was working for a construction company hauling brick in 108-degree weather.",1
97878557e1,"This is where booking direct really helps. (And staying at hotels!) Hurricane coming? Foot of snow? I will cancel your room with no penalty. You booked through a third party? You have to call them, and they call us to ask to cancel. I will, but I can‚Äôt guarantee that means they will refund your card",0
3569755797,PNW webcams 2025-10-06 10:31:14,0
f38171060d,@lgr-yt.bsky.social Do you plan on covering the new Sims 4 expansion packs now that you‚Äôve mostly recovered from the hurricane?,0
fdbab8c5f9,"CPHC Central North Pacific Outlook update for Mon, 06 Oct 2025 17:20:22 UTC
Additional Details Here.",1
4537df2aec,"NHC Eastern North Pacific Outlook update for Mon, 06 Oct 2025 17:20:04 UTC
Additional Details Here.",1
466d9582db,"NHC Atlantic Outlook update for Mon, 06 Oct 2025 17:27:57 UTC
Additional Details Here.",1
874366add9,"We have yet another tropical storm moving up the coast of Mexico, and I believe it just turned into a hurricane, but it is predicted to get up to about Baja California and then turn out to sea, so once again, the rain will probably miss us.",1
cb358fea11,"10/6/2025 @slcpl.bsky.social Now Everyone From Geraldine E King Is At The Library #gANGsTALKING mE wHAT tHE g=fUCK iS tHE pOINT oFmOTHER fUCKING a YHTHINBG 
Hurricane Priscilla intensifying off southwest Mexico, over Pacific. Maps show forecast path. www.cbsnews.com/news/tropica...",0
75bbadd829,"2) Trump helped hurricane ravaged Puerto Rico by tossing paper towel rolls. PR‚Äôs are US citizens and a US territory. All going to game ‚Äútoss toilet paper rolls‚Äù to Kristi, ICE (aka, PBs and OKs) insurrectionists, and Trump (he‚Äôll be there) let them know they‚Äôre FOS! (Good Trouble)! #MoveOn #NoKings!",0
8339eee6ad,Visiting hotels to see if maybe one would like to place Hurricane Helene book inside hotel rooms or lobby. The hardcover is absolutely beautiful.,0
d63bf2c4e4,Hurricane Priscilla continues to strengthen in Pacific. See where it's headed.,1
e33a2c61e4,PNW webcams 2025-10-06 09:31:13,0
0b1c0e7795,"Hurricane #Priscilla is continuing to get better organized, with a large core trying to form as depicted on MW imagery. The system could make a run for Major #Hurricane intensity before it begins to weaken near Baja California!

#wx",0
6e3a6139aa,"Each hurricane season I'm reminded that I want to be in an improv troupe called 
""Cone of Uncertainty""",1
6d8f6ed639,"#Octave starts to terminally weaken now down to 65mph #Tropicalstorm and to continue doing so before being absorbed by #Priscilla
#Wxx #Wxtwitter #TropicsWx #BlueSkyWx #HurricaneSeason2025 #HurricaneSeason #TropicalStormOctave #HurricaneOctave #Hurricane",0
a86c49ef66,"The hurricane with my name when it came
I got drunk and I dared it to wash me away",0
0045b9e78b,"#TropicalStormWatch: #PuntaSanTelmo- #PuntaMita #CaboSanLucas- #SantaFe #BajaCalifornia
Up to 4""+ of rain possible esp at Cabo San Lucas
#Wxx #wxtwitter #Tropicswx #BlueSkywx #Hurricaneseason #Hurricaneseason2025 #Tropicalstormpricilla #Priscilla #Hurricane #tropicalstorm #hurricanepriscilla #Mexico",1
63de183ac1,Statement from Pentagon press secretary Maj. Gen. Pat Ryder on DOD support to Hurricane Helene response efforts at the time: x.com/onestpress/s...,0
3f1a4aae1b,"Scientific American published this detailed article going about how Trump‚Äôs Project 2025 is awful for FEMA, disaster aid, the National Weather Service, & the National Hurricane Center. subscriber.politicopro.com/article/eene...",0
a79e97b7ed,"Things happening about this time last yr re the Harris campaign (10/6/24):

The Charlotte Observer editorial board had published an op-ed decrying Trump‚Äôs lies & politicization of Hurricane Helene due to the continued problems being caused by his behavior. www.charlotteobserver.com/opinion/arti...",0
4c605d587b,"85mph C1 #Hurricane #Priscilla to parallel #mexico and peak as 110mph+ C2 or even C3 Major before weakening
Interests should begin preps now!
#Wxx #wxtwitter #Tropicswx #BlueSkywx #Hurricaneseason #Hurricaneseason2025 #Tropicalstormpriscilla #hurricanepriscilla #tropicalstorm #BajaCalifornia",0
c413713efc,"8AM EDT
85mph C1 #Hurricane #Priscilla to head NW paralleling #mexico and peak as 110mph+ C2 or even C3 Major before weakening
Interests should begin preps now!
#Wxx #wxtwitter #Tropicswx #BlueSkywx #Hurricaneseason #Hurricaneseason2025 #Tropicalstormpriscilla #hurricanepriscilla #tropicalstorm",1
045d8557b2,I‚Äôm in my 60s and live in retirement central central. Having T-shirt actual tits - not just manboobs. Rock ‚Äòem like a hurricane for a good $150-200.,0
d588a754be,Hurricane Priscilla lashes western Mexico with heavy rain and strong winds,1
1102b60648,Finished reading: Hurricane Season by Fernanda Melchor üìö,0
49c5b871d1,If this clown actually had to confront Trumplethinskin in person he'd be shredded like an unsupported bed sheet in a hurricane.,0
cad00ab984,Hurricane Priscilla lashes western Mexico with heavy rain and strong winds,1
7150c71339,"Western Mexico was being lashed Monday by a hurricane bringing heavy rain, strong winds and rough surf to coastal areas and the Baja California peninsula.",1
234832372c,Career goal update: My talk from last month in Galveston about the 1900 Hurricane will air on C-SPAN this Saturday at 2:40P CT. You can watch here after: www.c-span.org/event/americ...,1
6fd3ea05c0,"GotD*: Tainofuturism

*genre of the day
link to example in replies.

issues.org/hurricane-of...",0
b45cca4200,"2: My cousin and I stayed with her for the summer for a while. One summer, a hurricane was coming through--it was supposed to curve and miss us, but them outer bands. I was concerned about my grandfather (her ex) in MS and kept expressing it. Sickuhmyshit, she said ""Papa?? What about our asses??"" üò≠üò≠",0
c5c25f4928,"NOAA/NHC Eastern Pacific Basin Tropical Cyclones: Hurricane Priscilla Graphics

https://www.nhc.noaa.gov/refresh/graphics_ep1+shtml/152757.shtml?cone",0
6e702f3726,PNW webcams 2025-10-06 08:31:15,0
fead0dc4f0,"Key Messages for Hurricane Priscilla
Advisory 8: 8:00 AM MST Mon Oct 06, 2025
www.nhc.noaa.gov/refresh/grap...",0
34e5442fac,"üì¢ Hurricane Priscilla is hitting western Mexico with heavy rain, strong winds, and rough surf. The National Hurricane Center has issued a tropical storm watch for Baja California Sur from Cabo San Lucas to Santa Fe.",1
d25f55e1fd,"Priscilla was getting more powerful early Monday after strengthening into a hurricane off southwest Mexico over the Pacific Ocean Sunday, the National Hurricane Center in Miami said, and was expected to bring heavy rains and gusty winds to the region. ",1
298b317cff,The next time texas faces a hurricane or has a few snowflakes Illinois and other blue states should tell their people to stay home,0
5526caf787,"Eastern Pacific Outlook 8am

#Priscilla #Octave

‚ö†Ô∏è Tropical Storm Watch from Punta San Telmo to Punta Mita #Michoacan #Colima #Jalisco, from Cabo San Lucas to Santa Fe #BajaCaliforniaSur #Mexico
‚ÄºÔ∏è Elsewhere in southern Baja California Sur

The next name is #Raymond.

#Pacific",1
b2ccfa48a9,"üì¢ Hurricane Priscilla is hitting western Mexico with heavy rain, strong winds, and rough surf. The National Hurricane Center has issued a tropical storm watch for Baja California Sur from Cabo San Lucas to Santa Fe.",1
ea98a87cb5,"Last year, Bill Nye the Science Guy said the best way to stop hurricanes was to vote for Kamala Harris.

This year, the United States marked its first hurricane-free September in a decade.

Moral of the story? Stop listening to climate alarmists.",0
b9bdd15ff8,"Got ice packs, cozy couch spot, and hurricane documentaries. Nap time",0
dba46ef024,"Been visiting www.nhc.noaa.gov daily during hurricane season for 5 years.  In my untrained civilian eyes it feels like something has changed. Have the currents & winds changed so hurricanes now go mostly north along the east coast?
@stephanieabrams.bsky.social @ashafferwx.bsky.social 
@nws.noaa.gov",1
a02870d7e0,"I was honored to present PWC‚Äôs Swift Water Rescue with a commending resolution. After Hurricane Helene‚Äôs devastation, the team heroically saved 24 people from the storm‚Äôs floodwaters.

PWC is fortunate to have these folks protecting our communities and those across VA!",0
7486e27075,"NOAA/NHC Eastern Pacific Basin Tropical Cyclones: Hurricane Priscilla Graphics

https://www.nhc.noaa.gov/refresh/graphics_ep1+shtml/145804.shtml?cone",0
5babc023bf,"The sun has risen over Invest #95L which is seeing some signs of gradual organization, but remains quite broad. The main limiting factor for this system will be an increase in shear over the next few days. Next Name = #Jerry 

#wx #hurricane",0
7c58f5d6b2,PNW webcams 2025-10-06 08:01:14,0
4f84cd80ad,"NOAA/NHC Eastern Pacific Basin Tropical Cyclones: Hurricane Priscilla Graphics

https://www.nhc.noaa.gov/refresh/graphics_ep1+shtml/145509.shtml?cone",0
d981a3eff1,"NOAA/NHC Eastern Pacific Basin Tropical Cyclones: Hurricane Priscilla Forecast Discussion Number 8

https://www.nhc.noaa.gov/text/refresh/MIATCDEP1+shtml/061454.shtml",0
ad674e93d1,"Hurricane Priscilla Public Advisory Number 8 #disaster #interruption #SMEM #businesscontinuity https://www.nhc.noaa.gov/text/refresh/MIATCPEP1+shtml/061448.shtml
Issued at 800 AM MST Mon Oct 06 2025

000
WTPZ31 KNHC 061448
TCPEP1

BULLETIN
Hurricane Priscilla Advisory Number 8
NWS National [‚Ä¶]",1
b3f2f78001,"NOAA/NHC Eastern Pacific Basin Tropical Cyclones: Hurricane Priscilla Graphics

https://www.nhc.noaa.gov/refresh/graphics_ep1+shtml/145204.shtml?cone",0
ecb6e895da,"NOAA/NHC Eastern Pacific Basin Tropical Cyclones: Hurricane Priscilla Wind Speed Probabilities Number 8

https://www.nhc.noaa.gov/text/refresh/MIAPWSEP1+shtml/061448.shtml",0
a09ca7918c,"NOAA/NHC Eastern Pacific Basin Tropical Cyclones: Hurricane Priscilla Forecast Discussion Number 8

https://www.nhc.noaa.gov/text/refresh/MIATCDEP1+shtml/061449.shtml",0
cdda715503,"NOAA/NHC Eastern Pacific Basin Tropical Cyclones: Summary for Hurricane Priscilla (EP1/EP162025)

https://www.nhc.noaa.gov/text/refresh/MIATCPEP1+shtml/061448.shtml",0
4a7889d7b2,"Episodes 3 and 4 of Dr. Carl Schreck's series on Hurricane Helene are now available. No. 3  examines the large-scale climate factors that contributed to the storm, while No. 4 looks at the role of mountains in causing the extreme precipitation and flooding. 
www.youtube.com/watch?v=CohB...",1
8544031929,"How disasters change our love lives ‚Äî for better and for worse.

Some couples broke under the pressure of Hurricane Helene. Others found something solid and surprising in each other.

grist.org/culture/how-...

#Love #Disaster #Divorce #Weather #Hurricanes #Floods #Wildfire",0
660e54c471,"#EightYearsAgoToday #AreWeGreatYet

October 6, 2017 ‚Äì On Wednesday, October 4, 2017, the official FEMA website listed two statistics quantifying slow recovery efforts in Puerto Rico after Hurricane Maria.

1/

#TrumpKillsAmerica #RepublicansOwnThis #AmericanFascistParty #NoRepublicansEverAgain [‚Ä¶]",0
0bf4df3372,Oh he absolutely wants a famine. That way he can throw bags of cheap pasta at ppl like paper towels at Puerto Ricans after hurricane Maria.,0
f94f6fe222,"Eastern North Pacific Tropical Storm Octave Advisory Number 26 issued at Mon, 06 Oct 2025 14:42:10 +0000
...OCTAVE CONTINUES TO WEAKEN...
Additional Details Here.",1
84d3673a95,"Eastern North Pacific Hurricane Priscilla Advisory Number 8 issued at Mon, 06 Oct 2025 14:48:06 +0000
...LARGE PRISCILLA MOVING SLOWLY NORTH-NORTHWESTWARD OFFSHORE SOUTHWESTERN MEXICO... ...HEAVY RAINS AND GUSTY WINDS LIKELY TODAY OVER PARTS OF COASTAL SOUTHWESTERN...
Additional Details Here.",1
2512e4f7a2,"CPHC Central North Pacific Outlook update for Mon, 06 Oct 2025 14:48:36 UTC
Additional Details Here.",1
05cd49c35f,"NHC Eastern North Pacific Outlook update for Mon, 06 Oct 2025 14:48:18 UTC
Additional Details Here.",1
ee85f54144,"NOAA/NHC Eastern Pacific Basin Tropical Cyclones: Hurricane Priscilla Forecast Advisory Number 8

https://www.nhc.noaa.gov/text/refresh/MIATCMEP1+shtml/061447.shtml",0
9e53ee69fd,"no i couldn't have been more wrong, i feel like i just got bowled over by a hurricane :'D (complimentary)",0
506f4c0564,Hurricane #Priscilla ADVISORY 8 issued. Large #Priscilla moving slowly north-northwestward offshore southwestern mexico. Link,1
87fd152f4c,I‚Äôm so glad they weren‚Äôt there! And one access road? We‚Äôve had to try and add multiple evacuation routes for hurricanes but we mostly have to reverse the lanes on the Interstate to one-way only. Fires scare me as much as a Cat 4-5 hurricane!,0
321891f89e,"A new tropical storm could form in the Atlantic this week as hurricane season shows no signs of stopping 

www.yahoo.com/news/article...",0
7a587512a7,"Hurricane Humberto from the ISS üå™Ô∏è‚ú® Lightning lights up the storm‚Äôs eye in this stunning night photo by NASA astronaut Jonny Kim, Sept 28, 2025. üåç‚ö° 

#HurricaneHumberto #ISS #SpacePhotography",1
34b6b0c9ea,obviously enderlin was a really bad tornado but i'm just glad it didn't take a joplin level disaster to break the ef5 drought,0
217f3dfce2,"Oh wow, first confirmed EF-5 tornado since 2013. 

And it combines multiple interests of mine- the rating was confirmed in part due to damage done to a train (including throwing a tank car)",1
4bfd191b3d,"üö® Just confirmed: The June 20 tornado near Enderlin, ND has been upgraded to an EF-5 ‚Äî the first in the U.S. since Moore, OK in 2013.
Winds >210 mph. Path 12.1 mi.
This is a major moment in weather history.
üì∏ NWS statement attached.",1
e21c01e70c,"Here's the photo of the fully loaded grain train overturned and pulled into the field.  NSSL guidelines estimate gusts of 230mph(!) needed to create this damage.

Enderlin ND EF-5, 6/20/5",1
874d55e8e9,"After careful review, @nws.noaa.gov has upgraded a June tornado in North Dakota to EF-5 status -- the first since Moore, OK in May 2013. Estimated peak winds: 210+ mph. üå™Ô∏è

#tornado #weather",0
52704c986e,"Well, we have the first EF5 tornado since 2013. 

Back in June in North Dakota, a tornado threw a train. Here is a link to the NWS page with the update. 

#Tornado #StormChaser #EF5

www.weather.gov/media/fgf/En...",1
d17448f37f,"üî¥ MUNDO | Meteorologia confirma primeiro tornado EF5 nos Estados Unidos desde 2013 com vento estimado em 340 km/h. M√°ximo da escala, tornado EF5 √© chamado de ‚Äúdedo de Deus‚Äù no filme Twister.",0
46913e6252,"For the intense detail of essentially creating a *new* damage indicator, many weeks is pretty common. The new DI created for the Joplin tornado was done in a few days because, though nobody would say it, there was an urgency to make sure that tornado was not left as an EF4+.",0
2e031d6408,#Nadocast #Tornado #wx 12z Day #SigTornado Forecast,0
7b46edef06,#Nadocast 14z Day #Tornado Forecast,0
f4f2568198,"Kidding aside, today's another day where I regret not publishing my senior thesis in 2014 linking TDS height to tornado strength.  Would have been nice to be one of the first, officially instead of essentially anecdotally.",0
8257fcafe9,"Update: The Grand Forks, North Dakota NWS office has confirmed that an EF5 tornado touched down on June 20, 2025.

This means that a modern record streak without an EF5 tornado ended after 4,413 days.

Even more miraculously? This occurred in the midst of a derecho, which is very unexpected.",1
8165a5e508,"The first EF-5 in 12 years officially goes to Enderlin, ND. NWS Grand Forks made the announcement earlier this morning (October 6th, 2025) This tornado occurred on June 20th, 2025. Huge props to NWS Grand Forks and other NWS stations for deeply assessing these events. #ef5 #wxbluesky #tornado",1
e3b8ccc608,"Reading the justification for why the Enderlin, ND tornado should be rated EF-5, and I'm even more convinced the current EF-rating system needs to be scrapped and redone from scratch.",0
a1f02b60ee,"Ah, the dulcet tones of a monthly tornado siren test.",0
7964294042,"New data from an extensive wind analysis study has resulted in the Enderlin tornado being upgraded to EF5, the first in America in 13 years. That same storm ripped through Bemidji and across northern Minnesota. bringmethenews.com/minnesota-we...",0
474ac7bc82,"BREAKING WEATHER NEWS:

FIRST EF5 IN 12 YEARS

A tornado from June 20, 2025 has been upgraded to EF5.
Absolutely insane.",1
5deda269c6,Crazy.  Thought of going after this supercell but stuck with the one to the north that produced the Spiritwood tornado.,0
b35d3e784d,"NADOCast Tornado Forecast
Run: 20251006_t14z
Image: nadocast_2020_models_conus_tornado_20251006_t14z_f02-21.png
Source: http://data.nadocast.com/",0
541cd20c40,"He also *just* gave the mathematical assessments of moving a train car and then had adjustments in the comments based on how the car tracks looked as if they were ""jumping"" rather than being thrown, and none of his discussion included pleas about tornado rating, which is always nice to encounter!",1
0162bbbb97,"This tornado resulted in 3 fatalities and tracked more than 12 miles, reaching over 1 mile wide at times during its 19-minute rampage.

The last tornado to be assigned this rating was the devastating EF-5 tornado that struck Moore, Oklahoma, on May 20th, 2013.",1
92e7a5882d,"BREAKING: For the first time in more than 12 years, the National Weather Service has upgraded a Tornado Damage survey to the maximum rating; EF-5!

This rating has been given to the June 20th, 2025, Enderlin, ND, tornado, which is now estimated to have packed maximum wind speeds of over 210 MPH!",1
3f0a014d63,"Marshall, LaDue and the NTP all collaborating. A dream team.

Of course, I'd like to close this out by remembering the 3 victims of this tornado since they ultimately are the most important. 

This study will help ensure that they will not be forgotten as so many before them have. Rest in paradise.",0
